{
  "generatedAt": "2026-02-18T15:08:39.560Z",
  "summary": {
    "totalProblemas": 23,
    "totalMerges": 7,
    "importanciaPromedio": 4,
    "kaizenCounts": [
      {
        "label": "Defectos",
        "value": 7,
        "color": "#1f7a8c"
      },
      {
        "label": "Sobreprocesamiento",
        "value": 4,
        "color": "#1f7a8c"
      },
      {
        "label": "Espera",
        "value": 4,
        "color": "#1f7a8c"
      },
      {
        "label": "Movimiento",
        "value": 3,
        "color": "#1f7a8c"
      },
      {
        "label": "Transporte/Traspasos",
        "value": 2,
        "color": "#1f7a8c"
      },
      {
        "label": "Talento no utilizado",
        "value": 2,
        "color": "#1f7a8c"
      },
      {
        "label": "Sobreproducción",
        "value": 1,
        "color": "#1f7a8c"
      }
    ],
    "areaCounts": [
      {
        "label": "Operaciones",
        "value": 11,
        "color": "#5a9f68"
      },
      {
        "label": "Comercial",
        "value": 5,
        "color": "#5a9f68"
      },
      {
        "label": "Recursos Humanos",
        "value": 5,
        "color": "#5a9f68"
      },
      {
        "label": "Ingeniería",
        "value": 2,
        "color": "#5a9f68"
      }
    ],
    "gravedadProblemas": [
      {
        "label": "Naranja Alto",
        "color": "#F57C00",
        "value": 11
      },
      {
        "label": "Rojo Crítico",
        "color": "#D32F2F",
        "value": 6
      },
      {
        "label": "Amarillo Medio-Alto",
        "color": "#FBC02D",
        "value": 6
      }
    ],
    "tiempoProblemas": [
      {
        "label": "Naranja Implementación Media",
        "color": "#EF6C00",
        "value": 8
      },
      {
        "label": "Amarillo Implementación Corta",
        "color": "#F9A825",
        "value": 7
      },
      {
        "label": "Verde Quick Win",
        "color": "#2E7D32",
        "value": 6
      },
      {
        "label": "Rojo Implementación Extendida",
        "color": "#C62828",
        "value": 2
      }
    ],
    "gravedadMerges": [
      {
        "label": "Rojo Crítico",
        "color": "#D32F2F",
        "value": 3
      },
      {
        "label": "Naranja Alto",
        "color": "#F57C00",
        "value": 3
      },
      {
        "label": "Amarillo Medio-Alto",
        "color": "#FBC02D",
        "value": 1
      }
    ],
    "tiempoMerges": [
      {
        "label": "Naranja Implementación Media",
        "color": "#EF6C00",
        "value": 4
      },
      {
        "label": "Amarillo Implementación Corta",
        "color": "#F9A825",
        "value": 2
      },
      {
        "label": "Rojo Implementación Extendida",
        "color": "#C62828",
        "value": 1
      }
    ]
  },
  "glosa": {
    "gravedad": [
      {
        "label": "Score 5 · Rojo Crítico",
        "hex": "#D32F2F",
        "description": "Impacto transversal sobre operación completa, margen y caja."
      },
      {
        "label": "Score 4 · Naranja Alto",
        "hex": "#F57C00",
        "description": "Impacto alto multiárea o en proceso crítico."
      },
      {
        "label": "Score 3 · Amarillo Medio-Alto",
        "hex": "#FBC02D",
        "description": "Impacto relevante en un área/flujo clave."
      },
      {
        "label": "Score 2 · Verde Medio",
        "hex": "#388E3C",
        "description": "Impacto acotado y manejable."
      },
      {
        "label": "Score 1 · Azul Bajo",
        "hex": "#1976D2",
        "description": "Impacto micro/habilitador."
      }
    ],
    "tiempo": [
      {
        "label": "Verde Quick Win",
        "hex": "#2E7D32",
        "description": "1-4 semanas. Ajustes rápidos, baja fricción técnica."
      },
      {
        "label": "Amarillo Implementación Corta",
        "hex": "#F9A825",
        "description": "5-8 semanas. Requiere estandarizar + automatizar."
      },
      {
        "label": "Naranja Implementación Media",
        "hex": "#EF6C00",
        "description": "9-12 semanas. Integración entre sistemas y UAT."
      },
      {
        "label": "Rojo Implementación Extendida",
        "hex": "#C62828",
        "description": "13-20 semanas. Transformación estructural."
      }
    ]
  },
  "problemas": [
    {
      "id": "fila-2",
      "fila": 2,
      "title": "Fila 2 - 1. Project (planificado: Gantt, asignaciones, horas, línea base) vs. Dynamics (carga HH, aprobación HH por JP, HH como registro contable, dato real ocurrido) vs. BI (horas consumidas por proyecto y por período, después de que ocurrieron) → No hay enlace entre la data (Planificado vs. real, trazabilidad, silo de información, sin integración automática)",
      "shortName": "Project (planificado: Gantt; asignaciones; horas; línea base) vs. Dynamics (carga HH; aprobación HH por JP; HH como registro contable; dato real ocurrido) vs. BI (horas consumidas por proyecto y por período; después de que ocurrieron) → No hay enlace entre la data (Planificado vs. real; trazabilidad; silo de información; sin integración automática)",
      "area": "Ingeniería",
      "kaizen": "Sobreprocesamiento",
      "importancia": 5,
      "mergeId": "M01",
      "gravedad": {
        "label": "Rojo Crítico",
        "hex": "#D32F2F"
      },
      "tiempo": {
        "label": "Rojo Implementación Extendida",
        "hex": "#C62828"
      },
      "sourceMd": "problemas_individuales/02_fila_2_1_project_planificado_gantt_asignaciones_horas_línea_base_vs_dynamics_carga_hh_aprobación.md",
      "detailHtml": "detalle/problemas/fila-2.html"
    },
    {
      "id": "fila-3",
      "fila": 3,
      "title": "Fila 3 - Errores y sobrecostos BOM",
      "shortName": "Errores y sobrecostos BOM",
      "area": "Ingeniería",
      "kaizen": "Defectos",
      "importancia": 4,
      "mergeId": "M03",
      "gravedad": {
        "label": "Naranja Alto",
        "hex": "#F57C00"
      },
      "tiempo": {
        "label": "Naranja Implementación Media",
        "hex": "#EF6C00"
      },
      "sourceMd": "problemas_individuales/03_fila_3_errores_y_sobrecostos_bom.md",
      "detailHtml": "detalle/problemas/fila-3.html"
    },
    {
      "id": "fila-4",
      "fila": 4,
      "title": "Fila 4 - CRM desalimentado (fichas de clientes)",
      "shortName": "CRM desalimentado (fichas de clientes)",
      "area": "Comercial",
      "kaizen": "Defectos",
      "importancia": 3,
      "mergeId": "",
      "gravedad": {
        "label": "Amarillo Medio-Alto",
        "hex": "#FBC02D"
      },
      "tiempo": {
        "label": "Amarillo Implementación Corta",
        "hex": "#F9A825"
      },
      "sourceMd": "problemas_individuales/04_fila_4_crm_desalimentado_fichas_de_clientes.md",
      "detailHtml": "detalle/problemas/fila-4.html"
    },
    {
      "id": "fila-5",
      "fila": 5,
      "title": "Fila 5 - Propuestas técnicas muy extensas y sobreespecificadas",
      "shortName": "Propuestas técnicas muy extensas y sobreespecificadas",
      "area": "Comercial",
      "kaizen": "Sobreproducción",
      "importancia": 3,
      "mergeId": "",
      "gravedad": {
        "label": "Amarillo Medio-Alto",
        "hex": "#FBC02D"
      },
      "tiempo": {
        "label": "Verde Quick Win",
        "hex": "#2E7D32"
      },
      "sourceMd": "problemas_individuales/05_fila_5_propuestas_técnicas_muy_extensas_y_sobreespecificadas.md",
      "detailHtml": "detalle/problemas/fila-5.html"
    },
    {
      "id": "fila-6",
      "fila": 6,
      "title": "Fila 6 - Inexistencia protocolo formal validación HH con Ingeniería",
      "shortName": "Inexistencia protocolo formal validación HH con Ingeniería",
      "area": "Comercial",
      "kaizen": "Defectos",
      "importancia": 4,
      "mergeId": "M07",
      "gravedad": {
        "label": "Naranja Alto",
        "hex": "#F57C00"
      },
      "tiempo": {
        "label": "Amarillo Implementación Corta",
        "hex": "#F9A825"
      },
      "sourceMd": "problemas_individuales/06_fila_6_inexistencia_protocolo_formal_validación_hh_con_ingeniería.md",
      "detailHtml": "detalle/problemas/fila-6.html"
    },
    {
      "id": "fila-7",
      "fila": 7,
      "title": "Fila 7 - Handover Comercial a OPS sin formato (desordenado y a goteo)",
      "shortName": "Handover Comercial a OPS sin formato (desordenado y a goteo)",
      "area": "Comercial",
      "kaizen": "Transporte/Traspasos",
      "importancia": 4,
      "mergeId": "M02",
      "gravedad": {
        "label": "Naranja Alto",
        "hex": "#F57C00"
      },
      "tiempo": {
        "label": "Amarillo Implementación Corta",
        "hex": "#F9A825"
      },
      "sourceMd": "problemas_individuales/07_fila_7_handover_comercial_a_ops_sin_formato_desordenado_y_a_goteo.md",
      "detailHtml": "detalle/problemas/fila-7.html"
    },
    {
      "id": "fila-8",
      "fila": 8,
      "title": "Fila 8 - Ausencia de alertas tempranas sobre oportunidades en pipeline",
      "shortName": "Ausencia de alertas tempranas sobre oportunidades en pipeline",
      "area": "Comercial",
      "kaizen": "Espera",
      "importancia": 3,
      "mergeId": "",
      "gravedad": {
        "label": "Amarillo Medio-Alto",
        "hex": "#FBC02D"
      },
      "tiempo": {
        "label": "Verde Quick Win",
        "hex": "#2E7D32"
      },
      "sourceMd": "problemas_individuales/08_fila_8_ausencia_de_alertas_tempranas_sobre_oportunidades_en_pipeline.md",
      "detailHtml": "detalle/problemas/fila-8.html"
    },
    {
      "id": "fila-9",
      "fila": 9,
      "title": "Fila 9 - Reportabilidad manual intensiva",
      "shortName": "Reportabilidad manual intensiva",
      "area": "Operaciones",
      "kaizen": "Sobreprocesamiento",
      "importancia": 5,
      "mergeId": "M06",
      "gravedad": {
        "label": "Rojo Crítico",
        "hex": "#D32F2F"
      },
      "tiempo": {
        "label": "Naranja Implementación Media",
        "hex": "#EF6C00"
      },
      "sourceMd": "problemas_individuales/09_fila_9_reportabilidad_manual_intensiva.md",
      "detailHtml": "detalle/problemas/fila-9.html"
    },
    {
      "id": "fila-10",
      "fila": 10,
      "title": "Fila 10 - Gantt de Comercial no aterrizado a la operación (lo vendido por lo general se rearma al iniciar el proyecto; *preguntar por mejoras*)",
      "shortName": "Gantt de Comercial no aterrizado a la operación (lo vendido por lo general se rearma al iniciar el proyecto; *preguntar por mejoras*)",
      "area": "Operaciones",
      "kaizen": "Defectos",
      "importancia": 5,
      "mergeId": "M01",
      "gravedad": {
        "label": "Rojo Crítico",
        "hex": "#D32F2F"
      },
      "tiempo": {
        "label": "Rojo Implementación Extendida",
        "hex": "#C62828"
      },
      "sourceMd": "problemas_individuales/10_fila_10_gantt_de_comercial_no_aterrizado_a_la_operación_lo_vendido_por_lo_general_se_rearma_al_ini.md",
      "detailHtml": "detalle/problemas/fila-10.html"
    },
    {
      "id": "fila-11",
      "fila": 11,
      "title": "Fila 11 - Torpeza en reportabilidad de facturación entorpece ETC",
      "shortName": "Torpeza en reportabilidad de facturación entorpece ETC",
      "area": "Operaciones",
      "kaizen": "Movimiento",
      "importancia": 4,
      "mergeId": "M07",
      "gravedad": {
        "label": "Naranja Alto",
        "hex": "#F57C00"
      },
      "tiempo": {
        "label": "Naranja Implementación Media",
        "hex": "#EF6C00"
      },
      "sourceMd": "problemas_individuales/11_fila_11_torpeza_en_reportabilidad_de_facturación_entorpece_etc.md",
      "detailHtml": "detalle/problemas/fila-11.html"
    },
    {
      "id": "fila-12",
      "fila": 12,
      "title": "Fila 12 - Solicitudes de compra muy manuales “uno a uno, línea por línea”",
      "shortName": "Solicitudes de compra muy manuales “uno a uno; línea por línea”",
      "area": "Operaciones",
      "kaizen": "Sobreprocesamiento",
      "importancia": 5,
      "mergeId": "M03",
      "gravedad": {
        "label": "Rojo Crítico",
        "hex": "#D32F2F"
      },
      "tiempo": {
        "label": "Naranja Implementación Media",
        "hex": "#EF6C00"
      },
      "sourceMd": "problemas_individuales/12_fila_12_solicitudes_de_compra_muy_manuales_uno_a_uno_línea_por_línea.md",
      "detailHtml": "detalle/problemas/fila-12.html"
    },
    {
      "id": "fila-13",
      "fila": 13,
      "title": "Fila 13 - Shadow IT – Licencias Project (licencias auto pagadas)",
      "shortName": "Shadow IT – Licencias Project (licencias auto pagadas)",
      "area": "Operaciones",
      "kaizen": "Talento no utilizado",
      "importancia": 4,
      "mergeId": "M01",
      "gravedad": {
        "label": "Naranja Alto",
        "hex": "#F57C00"
      },
      "tiempo": {
        "label": "Amarillo Implementación Corta",
        "hex": "#F9A825"
      },
      "sourceMd": "problemas_individuales/13_fila_13_shadow_it__licencias_project_licencias_auto_pagadas.md",
      "detailHtml": "detalle/problemas/fila-13.html"
    },
    {
      "id": "fila-14",
      "fila": 14,
      "title": "Fila 14 - Reportes diarios de terreno de mala calidad",
      "shortName": "Reportes diarios de terreno de mala calidad",
      "area": "Operaciones",
      "kaizen": "Defectos",
      "importancia": 4,
      "mergeId": "M06",
      "gravedad": {
        "label": "Naranja Alto",
        "hex": "#F57C00"
      },
      "tiempo": {
        "label": "Verde Quick Win",
        "hex": "#2E7D32"
      },
      "sourceMd": "problemas_individuales/14_fila_14_reportes_diarios_de_terreno_de_mala_calidad.md",
      "detailHtml": "detalle/problemas/fila-14.html"
    },
    {
      "id": "fila-15",
      "fila": 15,
      "title": "Fila 15 - Acceso a información de trabajadores disperso",
      "shortName": "Acceso a información de trabajadores disperso",
      "area": "Operaciones",
      "kaizen": "Movimiento",
      "importancia": 3,
      "mergeId": "M04",
      "gravedad": {
        "label": "Amarillo Medio-Alto",
        "hex": "#FBC02D"
      },
      "tiempo": {
        "label": "Naranja Implementación Media",
        "hex": "#EF6C00"
      },
      "sourceMd": "problemas_individuales/15_fila_15_acceso_a_información_de_trabajadores_disperso.md",
      "detailHtml": "detalle/problemas/fila-15.html"
    },
    {
      "id": "fila-16",
      "fila": 16,
      "title": "Fila 16 - Tareas de PMO (antes Planner) para actualizar Gantt pasaron a ser responsabilidad de JP",
      "shortName": "Tareas de PMO (antes Planner) para actualizar Gantt pasaron a ser responsabilidad de JP",
      "area": "Operaciones",
      "kaizen": "Talento no utilizado",
      "importancia": 4,
      "mergeId": "M01",
      "gravedad": {
        "label": "Naranja Alto",
        "hex": "#F57C00"
      },
      "tiempo": {
        "label": "Naranja Implementación Media",
        "hex": "#EF6C00"
      },
      "sourceMd": "problemas_individuales/16_fila_16_tareas_de_pmo_antes_planner_para_actualizar_gantt_pasaron_a_ser_responsabilidad_de_jp.md",
      "detailHtml": "detalle/problemas/fila-16.html"
    },
    {
      "id": "fila-17",
      "fila": 17,
      "title": "Fila 17 - Dificultad / sobretiempo en entender oferta comercial entregada por Comercial",
      "shortName": "Dificultad / sobretiempo en entender oferta comercial entregada por Comercial",
      "area": "Operaciones",
      "kaizen": "Transporte/Traspasos",
      "importancia": 4,
      "mergeId": "M02",
      "gravedad": {
        "label": "Naranja Alto",
        "hex": "#F57C00"
      },
      "tiempo": {
        "label": "Verde Quick Win",
        "hex": "#2E7D32"
      },
      "sourceMd": "problemas_individuales/17_fila_17_dificultad__sobretiempo_en_entender_oferta_comercial_entregada_por_comercial.md",
      "detailHtml": "detalle/problemas/fila-17.html"
    },
    {
      "id": "fila-18",
      "fila": 18,
      "title": "Fila 18 - Visibilidad tardía de desvíos afecta oportunidades de extensión",
      "shortName": "Visibilidad tardía de desvíos afecta oportunidades de extensión",
      "area": "Operaciones",
      "kaizen": "Espera",
      "importancia": 5,
      "mergeId": "M06",
      "gravedad": {
        "label": "Rojo Crítico",
        "hex": "#D32F2F"
      },
      "tiempo": {
        "label": "Naranja Implementación Media",
        "hex": "#EF6C00"
      },
      "sourceMd": "problemas_individuales/18_fila_18_visibilidad_tardía_de_desvíos_afecta_oportunidades_de_extensión.md",
      "detailHtml": "detalle/problemas/fila-18.html"
    },
    {
      "id": "fila-19",
      "fila": 19,
      "title": "Fila 19 - Falta de herramienta que haga valer las reuniones (Transcripciones, resumenes, minutas)",
      "shortName": "Falta de herramienta que haga valer las reuniones (Transcripciones; resumenes; minutas)",
      "area": "Operaciones",
      "kaizen": "Sobreprocesamiento",
      "importancia": 3,
      "mergeId": "",
      "gravedad": {
        "label": "Amarillo Medio-Alto",
        "hex": "#FBC02D"
      },
      "tiempo": {
        "label": "Verde Quick Win",
        "hex": "#2E7D32"
      },
      "sourceMd": "problemas_individuales/19_fila_19_falta_de_herramienta_que_haga_valer_las_reuniones_transcripciones_resumenes_minutas.md",
      "detailHtml": "detalle/problemas/fila-19.html"
    },
    {
      "id": "fila-20",
      "fila": 20,
      "title": "Fila 20 - Roster manual (20-20)",
      "shortName": "Roster manual (20-20)",
      "area": "Recursos Humanos",
      "kaizen": "Defectos",
      "importancia": 4,
      "mergeId": "M05",
      "gravedad": {
        "label": "Naranja Alto",
        "hex": "#F57C00"
      },
      "tiempo": {
        "label": "Amarillo Implementación Corta",
        "hex": "#F9A825"
      },
      "sourceMd": "problemas_individuales/20_fila_20_roster_manual_20-20.md",
      "detailHtml": "detalle/problemas/fila-20.html"
    },
    {
      "id": "fila-21",
      "fila": 21,
      "title": "Fila 21 - Flujo de rendiciones con cuello de botella en JP (sobrecarga). Cadena: Técnico → Supervisor → JP → Hugo → Finanzas",
      "shortName": "Flujo de rendiciones con cuello de botella en JP (sobrecarga). Cadena: Técnico → Supervisor → JP → Hugo → Finanzas",
      "area": "Recursos Humanos",
      "kaizen": "Espera",
      "importancia": 5,
      "mergeId": "",
      "gravedad": {
        "label": "Rojo Crítico",
        "hex": "#D32F2F"
      },
      "tiempo": {
        "label": "Naranja Implementación Media",
        "hex": "#EF6C00"
      },
      "sourceMd": "problemas_individuales/21_fila_21_flujo_de_rendiciones_con_cuello_de_botella_en_jp_sobrecarga_cadena_técnico__supervisor__jp.md",
      "detailHtml": "detalle/problemas/fila-21.html"
    },
    {
      "id": "fila-22",
      "fila": 22,
      "title": "Fila 22 - Alertas por vencimiento de anexos",
      "shortName": "Alertas por vencimiento de anexos",
      "area": "Recursos Humanos",
      "kaizen": "Espera",
      "importancia": 3,
      "mergeId": "M04",
      "gravedad": {
        "label": "Amarillo Medio-Alto",
        "hex": "#FBC02D"
      },
      "tiempo": {
        "label": "Verde Quick Win",
        "hex": "#2E7D32"
      },
      "sourceMd": "problemas_individuales/22_fila_22_alertas_por_vencimiento_de_anexos.md",
      "detailHtml": "detalle/problemas/fila-22.html"
    },
    {
      "id": "fila-23",
      "fila": 23,
      "title": "Fila 23 - No visibilidad de datos de la mutual (ACHS) para los JP (ej: exámenes vigentes)",
      "shortName": "No visibilidad de datos de la mutual (ACHS) para los JP (ej: exámenes vigentes)",
      "area": "Recursos Humanos",
      "kaizen": "Movimiento",
      "importancia": 4,
      "mergeId": "M04",
      "gravedad": {
        "label": "Naranja Alto",
        "hex": "#F57C00"
      },
      "tiempo": {
        "label": "Amarillo Implementación Corta",
        "hex": "#F9A825"
      },
      "sourceMd": "problemas_individuales/23_fila_23_no_visibilidad_de_datos_de_la_mutual_achs_para_los_jp_ej_exámenes_vigentes.md",
      "detailHtml": "detalle/problemas/fila-23.html"
    },
    {
      "id": "fila-24",
      "fila": 24,
      "title": "Fila 24 - Libros de asistencia se llenan “Día 20”",
      "shortName": "Libros de asistencia se llenan “Día 20”",
      "area": "Recursos Humanos",
      "kaizen": "Defectos",
      "importancia": 4,
      "mergeId": "M05",
      "gravedad": {
        "label": "Naranja Alto",
        "hex": "#F57C00"
      },
      "tiempo": {
        "label": "Amarillo Implementación Corta",
        "hex": "#F9A825"
      },
      "sourceMd": "problemas_individuales/24_fila_24_libros_de_asistencia_se_llenan_día_20.md",
      "detailHtml": "detalle/problemas/fila-24.html"
    }
  ],
  "merges": [
    {
      "id": "M01",
      "title": "Fila 2 + Fila 10 + Fila 13 + Fila 16 - Planificación no integrada, Shadow IT y vacío PMO",
      "shortTitle": "Planificación no integrada, Shadow IT y vacío PMO",
      "filasCombinadas": [
        2,
        10,
        13,
        16
      ],
      "areas": [
        "Ingeniería",
        "Operaciones"
      ],
      "kaizenDominante": "Talento no utilizado",
      "importanciaPromedio": 4.5,
      "gravedad": {
        "label": "Rojo Crítico",
        "hex": "#D32F2F"
      },
      "tiempo": {
        "label": "Rojo Implementación Extendida",
        "hex": "#C62828"
      },
      "sourceMd": "problemas_merged/M01_fila_2__fila_10__fila_13__fila_16_-_planificación_no_integrada_shadow_it_y_vacío_pmo.md",
      "detailHtml": "detalle/merges/M01.html",
      "problemasRelacionados": [
        {
          "fila": 2,
          "shortName": "Project (planificado: Gantt; asignaciones; horas; línea base) vs. Dynamics (carga HH; aprobación HH por JP; HH como registro contable; dato real ocurrido) vs. BI (horas consumidas por proyecto y por período; después de que ocurrieron) → No hay enlace entre la data (Planificado vs. real; trazabilidad; silo de información; sin integración automática)",
          "detailHtml": "detalle/problemas/fila-2.html"
        },
        {
          "fila": 10,
          "shortName": "Gantt de Comercial no aterrizado a la operación (lo vendido por lo general se rearma al iniciar el proyecto; *preguntar por mejoras*)",
          "detailHtml": "detalle/problemas/fila-10.html"
        },
        {
          "fila": 13,
          "shortName": "Shadow IT – Licencias Project (licencias auto pagadas)",
          "detailHtml": "detalle/problemas/fila-13.html"
        },
        {
          "fila": 16,
          "shortName": "Tareas de PMO (antes Planner) para actualizar Gantt pasaron a ser responsabilidad de JP",
          "detailHtml": "detalle/problemas/fila-16.html"
        }
      ]
    },
    {
      "id": "M02",
      "title": "Fila 7 + Fila 17 - Handover Comercial-Operaciones sin estándar de alcance",
      "shortTitle": "Handover Comercial-Operaciones sin estándar de alcance",
      "filasCombinadas": [
        7,
        17
      ],
      "areas": [
        "Comercial",
        "Operaciones"
      ],
      "kaizenDominante": "Transporte/Traspasos",
      "importanciaPromedio": 4,
      "gravedad": {
        "label": "Naranja Alto",
        "hex": "#F57C00"
      },
      "tiempo": {
        "label": "Amarillo Implementación Corta",
        "hex": "#F9A825"
      },
      "sourceMd": "problemas_merged/M02_fila_7__fila_17_-_handover_comercial-operaciones_sin_estándar_de_alcance.md",
      "detailHtml": "detalle/merges/M02.html",
      "problemasRelacionados": [
        {
          "fila": 7,
          "shortName": "Handover Comercial a OPS sin formato (desordenado y a goteo)",
          "detailHtml": "detalle/problemas/fila-7.html"
        },
        {
          "fila": 17,
          "shortName": "Dificultad / sobretiempo en entender oferta comercial entregada por Comercial",
          "detailHtml": "detalle/problemas/fila-17.html"
        }
      ]
    },
    {
      "id": "M03",
      "title": "Fila 3 + Fila 12 - BOM con errores y compras manuales línea a línea",
      "shortTitle": "BOM con errores y compras manuales línea a línea",
      "filasCombinadas": [
        3,
        12
      ],
      "areas": [
        "Ingeniería",
        "Operaciones"
      ],
      "kaizenDominante": "Defectos",
      "importanciaPromedio": 4.5,
      "gravedad": {
        "label": "Rojo Crítico",
        "hex": "#D32F2F"
      },
      "tiempo": {
        "label": "Naranja Implementación Media",
        "hex": "#EF6C00"
      },
      "sourceMd": "problemas_merged/M03_fila_3__fila_12_-_bom_con_errores_y_compras_manuales_línea_a_línea.md",
      "detailHtml": "detalle/merges/M03.html",
      "problemasRelacionados": [
        {
          "fila": 3,
          "shortName": "Errores y sobrecostos BOM",
          "detailHtml": "detalle/problemas/fila-3.html"
        },
        {
          "fila": 12,
          "shortName": "Solicitudes de compra muy manuales “uno a uno; línea por línea”",
          "detailHtml": "detalle/problemas/fila-12.html"
        }
      ]
    },
    {
      "id": "M04",
      "title": "Fila 15 + Fila 22 + Fila 23 - Información laboral y vigencias dispersas entre RRHH y Operaciones",
      "shortTitle": "Información laboral y vigencias dispersas entre RRHH y Operaciones",
      "filasCombinadas": [
        15,
        22,
        23
      ],
      "areas": [
        "Operaciones",
        "Recursos Humanos"
      ],
      "kaizenDominante": "Movimiento",
      "importanciaPromedio": 3.33,
      "gravedad": {
        "label": "Amarillo Medio-Alto",
        "hex": "#FBC02D"
      },
      "tiempo": {
        "label": "Naranja Implementación Media",
        "hex": "#EF6C00"
      },
      "sourceMd": "problemas_merged/M04_fila_15__fila_22__fila_23_-_información_laboral_y_vigencias_dispersas_entre_rrhh_y_operaci.md",
      "detailHtml": "detalle/merges/M04.html",
      "problemasRelacionados": [
        {
          "fila": 15,
          "shortName": "Acceso a información de trabajadores disperso",
          "detailHtml": "detalle/problemas/fila-15.html"
        },
        {
          "fila": 22,
          "shortName": "Alertas por vencimiento de anexos",
          "detailHtml": "detalle/problemas/fila-22.html"
        },
        {
          "fila": 23,
          "shortName": "No visibilidad de datos de la mutual (ACHS) para los JP (ej: exámenes vigentes)",
          "detailHtml": "detalle/problemas/fila-23.html"
        }
      ]
    },
    {
      "id": "M05",
      "title": "Fila 20 + Fila 24 - Control de asistencia 20-20 con registros tardíos",
      "shortTitle": "Control de asistencia 20-20 con registros tardíos",
      "filasCombinadas": [
        20,
        24
      ],
      "areas": [
        "Recursos Humanos"
      ],
      "kaizenDominante": "Defectos",
      "importanciaPromedio": 4,
      "gravedad": {
        "label": "Naranja Alto",
        "hex": "#F57C00"
      },
      "tiempo": {
        "label": "Amarillo Implementación Corta",
        "hex": "#F9A825"
      },
      "sourceMd": "problemas_merged/M05_fila_20__fila_24_-_control_de_asistencia_20-20_con_registros_tardíos.md",
      "detailHtml": "detalle/merges/M05.html",
      "problemasRelacionados": [
        {
          "fila": 20,
          "shortName": "Roster manual (20-20)",
          "detailHtml": "detalle/problemas/fila-20.html"
        },
        {
          "fila": 24,
          "shortName": "Libros de asistencia se llenan “Día 20”",
          "detailHtml": "detalle/problemas/fila-24.html"
        }
      ]
    },
    {
      "id": "M06",
      "title": "Fila 9 + Fila 14 + Fila 18 - Reportabilidad operativa manual y desvíos tardíos",
      "shortTitle": "Reportabilidad operativa manual y desvíos tardíos",
      "filasCombinadas": [
        9,
        14,
        18
      ],
      "areas": [
        "Operaciones"
      ],
      "kaizenDominante": "Sobreprocesamiento",
      "importanciaPromedio": 4.67,
      "gravedad": {
        "label": "Rojo Crítico",
        "hex": "#D32F2F"
      },
      "tiempo": {
        "label": "Naranja Implementación Media",
        "hex": "#EF6C00"
      },
      "sourceMd": "problemas_merged/M06_fila_9__fila_14__fila_18_-_reportabilidad_operativa_manual_y_desvíos_tardíos.md",
      "detailHtml": "detalle/merges/M06.html",
      "problemasRelacionados": [
        {
          "fila": 9,
          "shortName": "Reportabilidad manual intensiva",
          "detailHtml": "detalle/problemas/fila-9.html"
        },
        {
          "fila": 14,
          "shortName": "Reportes diarios de terreno de mala calidad",
          "detailHtml": "detalle/problemas/fila-14.html"
        },
        {
          "fila": 18,
          "shortName": "Visibilidad tardía de desvíos afecta oportunidades de extensión",
          "detailHtml": "detalle/problemas/fila-18.html"
        }
      ]
    },
    {
      "id": "M07",
      "title": "Fila 6 + Fila 11 - Gobernanza débil de HH/costos desde preventa hasta ETC",
      "shortTitle": "Gobernanza débil de HH/costos desde preventa hasta ETC",
      "filasCombinadas": [
        6,
        11
      ],
      "areas": [
        "Comercial",
        "Operaciones"
      ],
      "kaizenDominante": "Defectos",
      "importanciaPromedio": 4,
      "gravedad": {
        "label": "Naranja Alto",
        "hex": "#F57C00"
      },
      "tiempo": {
        "label": "Naranja Implementación Media",
        "hex": "#EF6C00"
      },
      "sourceMd": "problemas_merged/M07_fila_6__fila_11_-_gobernanza_débil_de_hhcostos_desde_preventa_hasta_etc.md",
      "detailHtml": "detalle/merges/M07.html",
      "problemasRelacionados": [
        {
          "fila": 6,
          "shortName": "Inexistencia protocolo formal validación HH con Ingeniería",
          "detailHtml": "detalle/problemas/fila-6.html"
        },
        {
          "fila": 11,
          "shortName": "Torpeza en reportabilidad de facturación entorpece ETC",
          "detailHtml": "detalle/problemas/fila-11.html"
        }
      ]
    }
  ],
  "sources": {
    "resumenMd": "Resumen_KAIZEN_Consolidado.md",
    "trazabilidadCsv": "Trazabilidad_Filas_23.csv",
    "glosaMd": "Glosa_Mapa_Colores.md"
  }
}