fila,area,problema,documento_individual,kaizen,importancia,merged_ids
2,Ingeniería,1. Project (planificado: Gantt; asignaciones; horas; línea base) vs. Dynamics (carga HH; aprobación HH por JP; HH como registro contable; dato real ocurrido) vs. BI (horas consumidas por proyecto y por período; después de que ocurrieron) → No hay enlace entre la data (Planificado vs. real; trazabilidad; silo de información; sin integración automática),02_fila_2_1_project_planificado_gantt_asignaciones_horas_línea_base_vs_dynamics_carga_hh_aprobación.md,Sobreprocesamiento,5,M01
3,Ingeniería,Errores y sobrecostos BOM,03_fila_3_errores_y_sobrecostos_bom.md,Defectos,4,M03
4,Comercial,CRM desalimentado (fichas de clientes),04_fila_4_crm_desalimentado_fichas_de_clientes.md,Defectos,3,
5,Comercial,Propuestas técnicas muy extensas y sobreespecificadas,05_fila_5_propuestas_técnicas_muy_extensas_y_sobreespecificadas.md,Sobreproducción,3,
6,Comercial,Inexistencia protocolo formal validación HH con Ingeniería,06_fila_6_inexistencia_protocolo_formal_validación_hh_con_ingeniería.md,Defectos,4,M07
7,Comercial,Handover Comercial a OPS sin formato (desordenado y a goteo),07_fila_7_handover_comercial_a_ops_sin_formato_desordenado_y_a_goteo.md,Transporte/Traspasos,4,M02
8,Comercial,Ausencia de alertas tempranas sobre oportunidades en pipeline,08_fila_8_ausencia_de_alertas_tempranas_sobre_oportunidades_en_pipeline.md,Espera,3,
9,Operaciones,Reportabilidad manual intensiva,09_fila_9_reportabilidad_manual_intensiva.md,Sobreprocesamiento,5,M06
10,Operaciones,Gantt de Comercial no aterrizado a la operación (lo vendido por lo general se rearma al iniciar el proyecto; *preguntar por mejoras*),10_fila_10_gantt_de_comercial_no_aterrizado_a_la_operación_lo_vendido_por_lo_general_se_rearma_al_ini.md,Defectos,5,M01
11,Operaciones,Torpeza en reportabilidad de facturación entorpece ETC,11_fila_11_torpeza_en_reportabilidad_de_facturación_entorpece_etc.md,Movimiento,4,M07
12,Operaciones,Solicitudes de compra muy manuales “uno a uno; línea por línea”,12_fila_12_solicitudes_de_compra_muy_manuales_uno_a_uno_línea_por_línea.md,Sobreprocesamiento,5,M03
13,Operaciones,Shadow IT – Licencias Project (licencias auto pagadas),13_fila_13_shadow_it__licencias_project_licencias_auto_pagadas.md,Talento no utilizado,4,M01
14,Operaciones,Reportes diarios de terreno de mala calidad,14_fila_14_reportes_diarios_de_terreno_de_mala_calidad.md,Defectos,4,M06
15,Operaciones,Acceso a información de trabajadores disperso,15_fila_15_acceso_a_información_de_trabajadores_disperso.md,Movimiento,3,M04
16,Operaciones,Tareas de PMO (antes Planner) para actualizar Gantt pasaron a ser responsabilidad de JP,16_fila_16_tareas_de_pmo_antes_planner_para_actualizar_gantt_pasaron_a_ser_responsabilidad_de_jp.md,Talento no utilizado,4,M01
17,Operaciones,Dificultad / sobretiempo en entender oferta comercial entregada por Comercial,17_fila_17_dificultad__sobretiempo_en_entender_oferta_comercial_entregada_por_comercial.md,Transporte/Traspasos,4,M02
18,Operaciones,Visibilidad tardía de desvíos afecta oportunidades de extensión,18_fila_18_visibilidad_tardía_de_desvíos_afecta_oportunidades_de_extensión.md,Espera,5,M06
19,Operaciones,Falta de herramienta que haga valer las reuniones (Transcripciones; resumenes; minutas),19_fila_19_falta_de_herramienta_que_haga_valer_las_reuniones_transcripciones_resumenes_minutas.md,Sobreprocesamiento,3,
20,Recursos Humanos,Roster manual (20-20),20_fila_20_roster_manual_20-20.md,Defectos,4,M05
21,Recursos Humanos,Flujo de rendiciones con cuello de botella en JP (sobrecarga). Cadena: Técnico → Supervisor → JP → Hugo → Finanzas,21_fila_21_flujo_de_rendiciones_con_cuello_de_botella_en_jp_sobrecarga_cadena_técnico__supervisor__jp.md,Espera,5,
22,Recursos Humanos,Alertas por vencimiento de anexos,22_fila_22_alertas_por_vencimiento_de_anexos.md,Espera,3,M04
23,Recursos Humanos,No visibilidad de datos de la mutual (ACHS) para los JP (ej: exámenes vigentes),23_fila_23_no_visibilidad_de_datos_de_la_mutual_achs_para_los_jp_ej_exámenes_vigentes.md,Movimiento,4,M04
24,Recursos Humanos,Libros de asistencia se llenan “Día 20”,24_fila_24_libros_de_asistencia_se_llenan_día_20.md,Defectos,4,M05